{
  "led_brightness": 100,
  "z_offset": 3.700000000000004,
  "extruder_rate": 0.1499999999999997
}