{
  "led_brightness": 100,
  "z_offset": 3.8000000000000034,
  "extruder_rate": 0.6200000000000001
}