{
  "led_brightness": 100,
  "z_offset": 3.8000000000000034,
  "extruder_rate": 0.6000000000000001
}